god,good
smoth,smooth
recomended,recommended
maybeline,maybelline
rekomendasin,rekomendasiin
aplikasin,aplikasiin
ecomerce,ecommerce
comerce,commerce
kegunanya,kegunaannya
beter,better
mate,matte
bluring,blurring
oficial,official
poreles,poreless
maf,maaf
kakaku,kakakku
kelaman,kelamaan
enga,engga
nga,ngga
filing,filling
shope,shopee
pastin,pastiin
maybelin,maybellin
literaly,literally
sehinga,sehingga
profesional,professional
porefesional,porefessional
ocasion,occasion
permukan,permukaan
efect,effect
kecintan,kecintaan
kesukan,kesukaan
boming,booming
flasale,flassale
both,booth
porefiling,porefilling
slipery,slippery
ngak,nggak
engak,enggak
ful,full
engk,enggk
matefying,mattefying
matifying,mattifying
gada,gaada
lose,loose
yalah,yaallah
alah,allah
alhamdulilah,alhamdulillah
aply,apply
useles,useless
blury,blurry
batle,battle
cloging,clogging
outdor,outdoor
anoying,annoying
smothing,smoothing
filer,filler
fil,fill
flawles,flawless
vloger,vlogger
bloger,blogger
masyalah,masyaallah
semate,sematte
focalure,focallure
perbedan,perbedaan
spechles,speechless
ngeaply,ngeapply
aplynya,applynya
chose,choose
sunscrenku,sunscreenku
sunscren,sunscreen
impresion,impression
alahu,allahu
suple,supple
gangu,ganggu
mengangu,mengganggu
cloged,clogged
duno,dunno
weaknesnya,weaknessnya
sat,saat
sesat,sesaat
mengebu,menggebu
nungu,nunggu
menungu,menunggu
mengumpal,menggumpal
ngumpal,nggumpal
ngefil,ngefill
matifyingnya,mattifyingnya
astagfirulah,astagfirullah
lainya,lainnya
shet,sheet
fesional,fessional
dibothnya,diboothnya
rednes,redness
keadan,keadaan
afordable,affordable
beautyvloger,beautyvlogger
gresy,gressy
bersihinya,bersihinnya
ngebersihinya,ngebersihinnya
indor,indoor
weding,wedding
kebiasan,kebiasaan
smothly,smoothly
ngeaplikasin,ngeaplikasiin
aplikasinya,aplikasiinnya
kesanya,kesannya
permukanya,permukaannya
seting,setting
blured,blurred
diaplikasinya,diaplikasiinnya
heranya,herannya
apan,apaan
kemasanya,kemasannya
dijadin,dijadiin
direcomend,direcommend
diaplikasin,diaplikasiin
ukuranya,ukurannya
keliatanya,keliatannya
hitunganya,hitungannya
direkomendasin,direkomendasiin
bukanya,bukannya
gona,gonna
lok,look
totaly,totally
mg,mmg
kelupan,kelupaan
perbedanya,perbedaannya
diaply,diapply
perkiran,perkiraan
tersamarkanya,tersamarkannya
jely,jelly
sengaknya,seenggaknya
belin,beliin
pemakaianya,pemakaiannya
bahanya,bahannya
shinga,shingga
nyamarinya,nyamarinnya
oflinestore,offlinestore
ketahananya,ketahanannya
tg,ttg
fel,feel
fels,feels
siliconya,siliconnya
silikonya,silikonnya
perasan,perasaan
meningalkan,meninggalkan
penampakanya,penampakannya
tisue,tissue
posible,possible
wil,will
les,less
bermanfat,bermanfaat
manfat,manfaat
smother,smoother
mongo,monggo
keungulan,keunggulan
ungul,unggul
kegunan,kegunaan
mengunakanya,menggunakannya
realy,really
sabunya,sabunnya
berapa,bberapa
fre,free
per,peer
basicaly,basically
kelihatanya,kelihatannya
wangianya,wangiannya
kawanya,kawannya
wel,well
sory,sorry
kekuranganya,kekurangannya
itunganya,itungannya
padahalnga,padahalngga
litle,little
palete,palette
acentuated,accentuated
makeupaley,makeupalley
didistribusin,didistribusiin
reseler,reseller
al,all
bloting,blotting
peling,peeling
pel,peel
mengunakan,menggunakan
rubery,rubbery
mengagu,menggaggu
ngecloging,ngeclogging
stil,still
kesimpulanya,kesimpulannya
slek,sleek
dinginka,diinginka
dinginkan,diinginkan
dolar,dollar
batling,battling
aplying,applying
bersihkanya,bersihkannya
nyobainya,nyobainnya
bcream,bbcream
cream,cccream
dcream,ddcream
theporefesional,theporefessional
wory,worry
overal,overall
ofstore,offstore
ofline,offline
suatu,ssuatu
gakrn,gakkrn
tp,ttp
berminyaku,berminyakku
brapa,bbrapa
gakanbeli,gaakanbeli
kerutanya,kerutannya
seamles,seamless
nti,nnti
hubunganya,hubungannya
tungin,tunggin
tunguin,tungguin
pengaplikasianya,pengaplikasiannya
foundationya,foundationnya
personaly,personally
notabenya,notabennya
baurinya,baurinnya
ketahanany,ketahananny
cok,ccok
mpu,mmpu
bong,boong
adicted,addicted
packaginya,packaginnya
sunguh,sungguh
kebalikanya,kebalikannya
aplya,applya
prety,pretty
gues,guess
felingnya,feelingnya
blurynya,blurrynya
dep,deep
se,see
actualy,actually
feling,feeling
mprtahankan,mmprtahankan
perasanku,perasaanku
glases,glasses
impres,impress
impresed,impressed
complexionya,complexionnya
recomend,recommend
kujadin,kujadiin
godbye,goodbye
felin,feelin
loks,looks
ngejadin,ngejadiin
dul,dull
naudzubilah,naudzubillah
fal,fall
flatening,flattening
flatering,flattering
loknya,looknya
efectnya,effectnya
dapetinya,dapetinnya
beginer,beginner
fils,fills
kliatanya,kliatannya
harapanya,harapannya
tre,tree
chekbones,cheekbones
yampun,yaampun
recomen,recommen
gakan,gaakan
trll,trl