recommended,rekomendasikan
recommend,rekomendasikan
recommen,rekomendasikan
oily,berminyak
smooth,halus
texture,tekstur
cover,tutup
ngecover,menutupi
mengcover,menutupi
mencover,menutupi
dicover,ditutupi
kecover,ketutup
tercover,tertutup
kekcover,ketutup
covernya,tutupnya
coveragenya,coverage
repurchase,beli kembali
prefer,lebih suka
affordable,terjangkau
level,tingkat
klaimnya,klaimnya
overall,keseluruhan
product,produk
skin,kulit
typenya,tipenya
step,langkah
pores,pori pori
daily,sehari hari
diblend,dicampur
better,lebih baik
but,tetapi
honestly,sejujurnya
blur,samar
blurring,menyamarkan
blurry,samar
blurrynya,menyamarkannya
surprisingly,herannya
ngeblur,menyamarkan
ngebluring,menyamarkan
ngeblurin,menyamarkan
mengeblurkan,menyamarkan
emphasize,tekankan
slicon,silikon
tube,tabung
keblur,tersamarkan
ngeshade,shade
foundationnya,foundation
super,sangat
duper,sangat
licone,silikon
worth,layak
worthy,layak
worthit,layak
powdery,berbedak
finishingnya,finish
finishnya,finish
finishing,finish
packagingnya,kemasannya
packaginya,kemasannya
packagingny,kemasannya
packaging,kemasan
packaginy,kemasannya
packaginnya,kemasannya
packgaing,kemasan
package,kemasan
packagenya,kemasannya
packinya,kemasannya
packingnya,kemasannya
addicted,kecanduan
occasion,peristiwa
friendly,ramah
so,jadi
acne,jerawat
acneprone,rawan jerawat
scars,bekas luka
silky,halus
silkynya,halusnya
yes,ya
no,tidak
maybe,mungkin
slightly,agak
work,bekerja
works,bekerja
sadly,sedihnya
sorry,maaf
undereyes,bawah kedua mata
under,dibawah
definitely,pastinya
apply,aplikasi
diapply,diaplikasi
applynya,aplikasinya
applya,aplikasi
ngeapply,mengaplikasi
tone,warna
stay,tinggal
stays,tinggal
traveling,berpergian
liquid,cair
ingredients,bahan bahan
ingredient,bahan
silicone,silikon
silicon,silikon
siliconic,silikon
siliconenya,silikonnya
siliconenyam,siikonnya
silicony,bersilikon
siliconey,bersilikon
siliconnya,silikonnya
siliconebase,berbahan dasar silikon
silica,silika
siliconized,bersilikon
silicion,silikon
breathable,dapat bernafas
breatheable,dapat bernafas
cleansingnya,pembersihannya
double,dua kali
triple,tiga kali
cleansing,pembersihan
steps,langkah langkah
effect,efek
hype,tren
literally,secara harfiah
mattifyingnya,matte
mattified,matte
mattifying,matte
mattenya,matte
mattefying,matte
actually,sebenarnya
newbie,pemula
simple,sederhana
auto,otomatis
before,sebelum
after,sesudah
afternya,sesudahnya
impact,dampak
feeling,perasaan
like,seperti
years,tahun
prelovedpanya,preloved
pricey,mahal
size,ukuran
sizenya,ukurannya
underestimate,meremehkan
seamless,mulus
skintone,warna kulit
toneup,mencerahkan
spread,sebar
dispread,disebarkan
feelingnya,merasanya
dispreadnya,disebarnya
comedo,komedo
tricky,sulit
disc,diskon
discount,diskon
complexionnya,complexion
complextion,complexion
complextionmu,complexion
complexionku,complexion
complexions,complexion
nope,tidak
conclear,concealer
concern,khawatir
conceal,concealer
compare,banding
longer,lebih lama
hour,jam
hours,jam
greasy,berminyak
greasynya,berminyaknya
good,bagus
for,untuk
skinpore,pori kulit
ngeretouch,retouch
dicompare,dibandingkan
fine,baik
thick,tebal
personally,secara pribadi
somehow,entah bagaimana
feelnya,rasanya
feel,merasa
bye,selamat tinggal
byebye,sampai jumpa
goodbye,selamat tinggal
hold,menahan
ngehold,menahan
blend,campur
ngblend,tercampur
ngeblend,tercampur
diblendnya,dicampurnya
diblender,dicampur
blendnya,campurnya
blendable,dapat dicampur
blending,mencampur
ngeblendnya,mencampurnya
longlasting,tahan lebih lama
longevity,daya tahan
smoothing,menghaluskan
smoothingnya,menghaluskannya
cute,imut
idk,aku enggak tau
shieldnya,pelindungnya
excited,bersemangat
exited,bersemangat
oliy,berminyak
well,yah
lock,kunci
porelock,pori terkunci
almost,hampir
ofc,tentu saja
ofcourse,tentu saja
explore,mencoba
texturenya,teksturnya
textured,bertekstur
bertexture,bertekstur
texturena,teksturnya
stepnya,langkahnya
stop,berhenti
yas,ya
next,berikutnya
nextnya,berikutnya
suitable,cocok
worry,khawatir
soon,segera
with,dengan
without,tanpa
amaze,kagum
flat,rata
combination,kombinasi
visible,kelihatan
invisible,tidak terlihat
produck,produk
productnya,produknya
products,produk
looknya,tampilannya
combine,kombinasikan
combined,dikombinasikan
fragrance,wewangian
soft,lembut
budget,anggaran
notice,memperhatikan
bulky,tebal
extra,lebih
lightweight,ringan
light,ringan
scent,aroma
wax,lilin
waxy,berlilin
skip,melewati
melted,meleleh
melting,meleleh
mix,campur
minimize,mengecilkan
velvetynya,velvet
velvety,velvet
blnd,campur
storenya,store
alternative,alternatif
officialstorenya,official store
officialnya,official
research,riset
anyway,omong omong
quite,lumayan
fail,gagal
perfect,sempurna
pls,tolong
considering,mempertimbangkan
consider,mempertimbangkan
superb,hebat
highend,kelas atas
slim,langsing
strong,kuat
tbh,sejujurnya
smthng,sesuatu
remove,hapus
btw,omong omong
intense,intes
heavy,berat
basicnya,dasarnya
match,cocok
redness,kemerahan
ngestain,menodai
something,sesuatu
variant,varian
ngehydrate,membasahi
hydrate,basah
special,spesial
peeling,mengelupas
cyute,imut
beuty,beauty
box,kotak
boxnya,kotaknya
urgent,penting
basednya,bahan dasarnya
while,ketika
amountnyq,jumlahnya
pakackagingnya,kemasannya
max,maksimal
maximal,maksimal
wedding,pernikahan
skeptical,skeptis
cmiiw,koreksi aku jika aku salah
nice,bagus
faceku,wajahku
search,cari
useless,ga berguna
emergency,darurat
tubeny,kemasannya
battle,tanding
or,atau
user,pengguna
space,ruang
eyecatching,menarik pehatian
annoying,mengganggu
prelovednya,preloved
true,benar
imo,menurut pendapatku
sematte,matte
ngebarrier,melindungi
speechless,tidak bisa berkata kata
dry,kering
silycon,silikon
luv,suka
terluv,paling suka
lol,haha
tubenya,tube
supple,luwes
mousterizer,moisturizer
go,pergi
lovenya,sukanya
hatenya,bencinya
price,harga
pricenya,harganya
because,karena
weaknessnya,kelemahannya
qualitynya,kualitasnya
ingridients,bahan bahan
working,bekerja
join,gabung
moisture,kelembapan
counternya,counter
however,namun
pronya,baiknya
problemnya,masalahnya
problemsih,masalah sih
problem,masalah
extend,memperpanjang
focusing,berfokus
primernya,primer
clumpy,menggumpal
gressy,berminyak
helper,penolong
ngclaim,mengklaim
shock,terkejut
sticky,lengket
stickynya,lengketnya
direcommend,direkomendasikan
expect,mengharapkan
tightens,mengencangkan
ngehandle,menangani
move,gerak
until,sampai
fyi,untuk informasimu
shining,bersinar
catchy,menarik
pacakagingnya,kemasannya
performance,performa
comparable,sebanding
wearable,dapat dipakai
impressed,terkesan
transparent,transparan
dilaunching,diluncurkan
absorb,penyerapan
based,base
econmerce,e commerce
babyskin,baby skin
beginner,pemula
skintypeku,jenis kulitku
skintype,jenis kulit
first,pertama
skincarenya,skincare
kind,ramah
skinku,kulitku
pakagingnya,kemasannya
enhancing,meningkatkan
masking,menyamarkan
dragstore,drugstore
porenya,porinya
pore,pori
pascakhingnya,kemasannya
poreless,tidak berpori
poresny,pori porinya
porefessionalnya,porefessional
porefilling,pengisi pori
poreraser,pore eraser
poresnya,pori porinya
porefsnl,porefessional
diy,buatan sendiri
duplicatenya,tiruannya
poreranger,pore ranger
full,penuh
big,besar
large,besar
bigpores,pori pori besar
clog,tersumbat
ngefill,mengisi
oil,minyak
oilynya,berminyaknya
ngeyoutube,menonton youtube
circle,lingkaran
oilnya,minyaknya
tercontrol,terkontrol
ngecontrol,mengkontrol
ngeclaim,mengklaim
claim,klaim
claimnya,klaimnya
diclaim,diklaim
claimny,klaimnya
blurnya,samarnya
seblur,sesamar
blurred,tersamarkan
memblurkan,menyamarkan
blurin,samarkan
blurringnya,menyamarkannya
ngblur,menyamarkan
sure,tentu
repurches,beli kembali
repurcash,beli kembali
repurchased,beli kembali
repurche,beli kembali
repurcahse,beli kembali
repur,beli kembali
repurchesnya,beli kembali
dunno,tidak tahu
rephurcase,beli kembali
purchase,beli
purchasingnya,pembeliannya
repurchace,beli kembali
